--------------------------------------------------------
--  File created - Perþembe-Ocak-21-2021   
--------------------------------------------------------
--------------------------------------------------------
--  DDL for Table BILETLER
--------------------------------------------------------

  CREATE TABLE "SYSTEM"."BILETLER" 
   (	"BILET_ID" NUMBER GENERATED ALWAYS AS IDENTITY MINVALUE 1 MAXVALUE 9999999999999999999999999999 INCREMENT BY 1 START WITH 1 CACHE 20 NOORDER  NOCYCLE  NOKEEP  NOSCALE , 
	"MUSTERI_ID" NUMBER, 
	"SEANS_ID" NUMBER, 
	"KOLTUKNO" NUMBER(3,0), 
	"ALIM_TARIHI" DATE
   ) PCTFREE 10 PCTUSED 40 INITRANS 1 MAXTRANS 255 
 NOCOMPRESS LOGGING
  STORAGE(INITIAL 65536 NEXT 1048576 MINEXTENTS 1 MAXEXTENTS 2147483645
  PCTINCREASE 0 FREELISTS 1 FREELIST GROUPS 1
  BUFFER_POOL DEFAULT FLASH_CACHE DEFAULT CELL_FLASH_CACHE DEFAULT)
  TABLESPACE "SYSTEM" ;
--------------------------------------------------------
--  DDL for Table FILMLER
--------------------------------------------------------

  CREATE TABLE "SYSTEM"."FILMLER" 
   (	"FILM_ID" NUMBER GENERATED ALWAYS AS IDENTITY MINVALUE 1 MAXVALUE 9999999999999999999999999999 INCREMENT BY 1 START WITH 1 CACHE 20 NOORDER  NOCYCLE  NOKEEP  NOSCALE , 
	"FILM_ADI" VARCHAR2(200 BYTE), 
	"YONETMENLER" VARCHAR2(500 BYTE), 
	"OYUNCULAR" VARCHAR2(2000 BYTE), 
	"TUR" VARCHAR2(100 BYTE), 
	"YAYIN_TARIHI" DATE, 
	"SURE" NUMBER(4,0), 
	"KONU" VARCHAR2(2000 BYTE), 
	"PUANI" NUMBER(3,0), 
	"AFIS_GORSELI" BLOB
   ) PCTFREE 10 PCTUSED 40 INITRANS 1 MAXTRANS 255 
 NOCOMPRESS LOGGING
  STORAGE(INITIAL 65536 NEXT 1048576 MINEXTENTS 1 MAXEXTENTS 2147483645
  PCTINCREASE 0 FREELISTS 1 FREELIST GROUPS 1
  BUFFER_POOL DEFAULT FLASH_CACHE DEFAULT CELL_FLASH_CACHE DEFAULT)
  TABLESPACE "SYSTEM" 
 LOB ("AFIS_GORSELI") STORE AS BASICFILE (
  TABLESPACE "SYSTEM" ENABLE STORAGE IN ROW CHUNK 8192 RETENTION 
  NOCACHE LOGGING 
  STORAGE(INITIAL 65536 NEXT 1048576 MINEXTENTS 1 MAXEXTENTS 2147483645
  PCTINCREASE 0 FREELISTS 1 FREELIST GROUPS 1
  BUFFER_POOL DEFAULT FLASH_CACHE DEFAULT CELL_FLASH_CACHE DEFAULT)) ;
--------------------------------------------------------
--  DDL for Table KAMPANYALAR
--------------------------------------------------------

  CREATE TABLE "SYSTEM"."KAMPANYALAR" 
   (	"KAMPANYA_ID" NUMBER, 
	"KAMPANYA_BASLIGI" VARCHAR2(200 BYTE), 
	"KAMPANYA_METNI" VARCHAR2(2000 BYTE)
   ) PCTFREE 10 PCTUSED 40 INITRANS 1 MAXTRANS 255 
 NOCOMPRESS LOGGING
  STORAGE(INITIAL 65536 NEXT 1048576 MINEXTENTS 1 MAXEXTENTS 2147483645
  PCTINCREASE 0 FREELISTS 1 FREELIST GROUPS 1
  BUFFER_POOL DEFAULT FLASH_CACHE DEFAULT CELL_FLASH_CACHE DEFAULT)
  TABLESPACE "SYSTEM" ;
--------------------------------------------------------
--  DDL for Table MUSTERILER
--------------------------------------------------------

  CREATE TABLE "SYSTEM"."MUSTERILER" 
   (	"MUSTERI_ID" NUMBER GENERATED ALWAYS AS IDENTITY MINVALUE 1 MAXVALUE 9999999999999999999999999999 INCREMENT BY 1 START WITH 1 CACHE 20 NOORDER  NOCYCLE  NOKEEP  NOSCALE , 
	"AD" VARCHAR2(100 BYTE), 
	"SOYAD" VARCHAR2(100 BYTE), 
	"EPOSTA" VARCHAR2(200 BYTE), 
	"TELEFON" NUMBER(10,0), 
	"DOGUM_TARIHI" DATE, 
	"CINSIYET" VARCHAR2(10 BYTE), 
	"SIFRE" VARCHAR2(16 BYTE)
   ) PCTFREE 10 PCTUSED 40 INITRANS 1 MAXTRANS 255 
 NOCOMPRESS LOGGING
  STORAGE(INITIAL 65536 NEXT 1048576 MINEXTENTS 1 MAXEXTENTS 2147483645
  PCTINCREASE 0 FREELISTS 1 FREELIST GROUPS 1
  BUFFER_POOL DEFAULT FLASH_CACHE DEFAULT CELL_FLASH_CACHE DEFAULT)
  TABLESPACE "SYSTEM" ;
--------------------------------------------------------
--  DDL for Table SALONLAR
--------------------------------------------------------

  CREATE TABLE "SYSTEM"."SALONLAR" 
   (	"SALON_ID" NUMBER GENERATED ALWAYS AS IDENTITY MINVALUE 1 MAXVALUE 9999999999999999999999999999 INCREMENT BY 1 START WITH 1 CACHE 20 NOORDER  NOCYCLE  NOKEEP  NOSCALE , 
	"SALON_ADI" VARCHAR2(20 BYTE), 
	"KOLTUK_SAYISI" NUMBER(3,0)
   ) PCTFREE 10 PCTUSED 40 INITRANS 1 MAXTRANS 255 
 NOCOMPRESS LOGGING
  STORAGE(INITIAL 65536 NEXT 1048576 MINEXTENTS 1 MAXEXTENTS 2147483645
  PCTINCREASE 0 FREELISTS 1 FREELIST GROUPS 1
  BUFFER_POOL DEFAULT FLASH_CACHE DEFAULT CELL_FLASH_CACHE DEFAULT)
  TABLESPACE "SYSTEM" ;
--------------------------------------------------------
--  DDL for Table SEANSLAR
--------------------------------------------------------

  CREATE TABLE "SYSTEM"."SEANSLAR" 
   (	"SEANS_ID" NUMBER GENERATED ALWAYS AS IDENTITY MINVALUE 1 MAXVALUE 9999999999999999999999999999 INCREMENT BY 1 START WITH 1 CACHE 20 NOORDER  NOCYCLE  NOKEEP  NOSCALE , 
	"FILM_ID" NUMBER, 
	"SALON_ID" NUMBER, 
	"SEANS_TARIHI" DATE, 
	"SEANS_SAATI" VARCHAR2(10 BYTE), 
	"BILET_UCRETI" NUMBER(3,0)
   ) PCTFREE 10 PCTUSED 40 INITRANS 1 MAXTRANS 255 
 NOCOMPRESS LOGGING
  STORAGE(INITIAL 65536 NEXT 1048576 MINEXTENTS 1 MAXEXTENTS 2147483645
  PCTINCREASE 0 FREELISTS 1 FREELIST GROUPS 1
  BUFFER_POOL DEFAULT FLASH_CACHE DEFAULT CELL_FLASH_CACHE DEFAULT)
  TABLESPACE "SYSTEM" ;
--------------------------------------------------------
--  DDL for Table TOPLAMKAZANC
--------------------------------------------------------

  CREATE TABLE "SYSTEM"."TOPLAMKAZANC" 
   (	"ID" NUMBER(20,0), 
	"KAZANC" NUMBER(20,0)
   ) PCTFREE 10 PCTUSED 40 INITRANS 1 MAXTRANS 255 
 NOCOMPRESS LOGGING
  STORAGE(INITIAL 65536 NEXT 1048576 MINEXTENTS 1 MAXEXTENTS 2147483645
  PCTINCREASE 0 FREELISTS 1 FREELIST GROUPS 1
  BUFFER_POOL DEFAULT FLASH_CACHE DEFAULT CELL_FLASH_CACHE DEFAULT)
  TABLESPACE "SYSTEM" ;
--------------------------------------------------------
--  DDL for Table YONETICILER
--------------------------------------------------------

  CREATE TABLE "SYSTEM"."YONETICILER" 
   (	"ADMIN_ID" NUMBER GENERATED ALWAYS AS IDENTITY MINVALUE 1 MAXVALUE 9999999999999999999999999999 INCREMENT BY 1 START WITH 1 CACHE 20 NOORDER  NOCYCLE  NOKEEP  NOSCALE , 
	"AD" VARCHAR2(100 BYTE), 
	"SOYAD" VARCHAR2(100 BYTE), 
	"EPOSTA" VARCHAR2(200 BYTE), 
	"TELEFON" NUMBER(10,0), 
	"DOGUM_TARIHI" DATE, 
	"CINSIYET" VARCHAR2(10 BYTE), 
	"SIFRE" VARCHAR2(16 BYTE), 
	"POZISYON" VARCHAR2(20 BYTE)
   ) PCTFREE 10 PCTUSED 40 INITRANS 1 MAXTRANS 255 
 NOCOMPRESS LOGGING
  STORAGE(INITIAL 65536 NEXT 1048576 MINEXTENTS 1 MAXEXTENTS 2147483645
  PCTINCREASE 0 FREELISTS 1 FREELIST GROUPS 1
  BUFFER_POOL DEFAULT FLASH_CACHE DEFAULT CELL_FLASH_CACHE DEFAULT)
  TABLESPACE "SYSTEM" ;
--------------------------------------------------------
--  DDL for View BILETLER_VIEW
--------------------------------------------------------

  CREATE OR REPLACE FORCE NONEDITIONABLE VIEW "SYSTEM"."BILETLER_VIEW" ("BILET_ID", "AD", "SOYAD", "FILM_ADI", "SALON_ADI", "SEANS_TARIHI", "SEANS_SAATI", "BILET_UCRETI", "KOLTUKNO", "ALIM_TARIHI") AS 
  (select b.bilet_id,m.ad,m.soyad,f.film_adi,sa.salon_adi,s.seans_tarihi,s.seans_saati,s.bilet_ucreti,b.koltukno,b.alim_tarihi from biletler b, musteriler m, seanslar s,filmler f,salonlar sa where s.seans_id = b.seans_id and m.musteri_id=b.musteri_id and f.film_id=s.film_id and sa.salon_id=s.salon_id)
;
REM INSERTING into SYSTEM.BILETLER
SET DEFINE OFF;
Insert into SYSTEM.BILETLER (BILET_ID,MUSTERI_ID,SEANS_ID,KOLTUKNO,ALIM_TARIHI) values ('101','41','63','98',to_date('17/01/2021','DD/MM/RRRR'));
Insert into SYSTEM.BILETLER (BILET_ID,MUSTERI_ID,SEANS_ID,KOLTUKNO,ALIM_TARIHI) values ('102','41','63','85',to_date('17/01/2021','DD/MM/RRRR'));
Insert into SYSTEM.BILETLER (BILET_ID,MUSTERI_ID,SEANS_ID,KOLTUKNO,ALIM_TARIHI) values ('5','1','3','44',to_date('30/12/2020','DD/MM/RRRR'));
Insert into SYSTEM.BILETLER (BILET_ID,MUSTERI_ID,SEANS_ID,KOLTUKNO,ALIM_TARIHI) values ('61','1','3','84',to_date('31/12/2020','DD/MM/RRRR'));
REM INSERTING into SYSTEM.FILMLER
SET DEFINE OFF;
Insert into SYSTEM.FILMLER (FILM_ID,FILM_ADI,YONETMENLER,OYUNCULAR,TUR,YAYIN_TARIHI,SURE,KONU,PUANI) values ('3','G.O.R.A.','Ömer Faruk Sorak','Cem Yýlmaz, Özge Özberk, Ozan Güven','Komedi - Bilim Kurgu',to_date('12/11/2004','DD/MM/RRRR'),'127','Kurnaz ve genç bir adam olan Arif, bir kasabada halý satarak yaþamýný sürdürmektedir. Genelde yaþadýðý bölgedeki insanlar, kendisini hafif üç kaðýtçý bir tip olarak bilirler. Bir gün Arif’in dükkanýna gelen yabancý müþteriler, ona hayal bile edemeyeceði bir deneyim yaþatýr. Gelenler aslen uzaylýlardýr ve bu uzaylýlar tarafýndan kaçýrýlan Arif, bambaþka bir gezegene götürülür. Arif, karakterine uygun bir biçimde bu gezegenden kaçýp kurtulabilmenin türlü yollarýný aramaya baþlar. Ancak yaþayacaðý maceralar, onun bu gezegende aþk ile burun buruna gelmesine de neden olacaktýr. Cem Yýlmaz’dan kahkaha dolu dakikalar.','80');
Insert into SYSTEM.FILMLER (FILM_ID,FILM_ADI,YONETMENLER,OYUNCULAR,TUR,YAYIN_TARIHI,SURE,KONU,PUANI) values ('21','John Wick','David Leitch, Chad Stahelski','Keanu Reeves, Michael Nyqvist, Alfie Allen','Aksiyon - Gerilim',to_date('28/11/2014','DD/MM/RRRR'),'101','John Wick, emekliye ayrýlmýþ bir tetikçidir. Emekliliðinin tadýný çýkarýrken karýsýnýn yakalandýðý amansýz hastalýkla hayatý altüst olur. Karýsýndan kendisine kalan en deðerli varlýðý ve can yoldaþý köpeðidir. Ancak evine dalan üç gangster onu da öldürür. Gansterlerden biri, mafya babasý Viggo Tasarov''un oðlu Josef Tasarov''dur ve John''un daha önce birlikte çalýþtýðý bir adamdýr. Artýk kaybedecek hiçbir þeyi de kalmayan John Wick''in tek istediði intikamdýr ve New York sokaklarýnda düþmanlarýyla nefes kesen bir kovalamacanýn içine girer.
Yönetmenliðini David Leitch ve Chad Stahelski ikilisinin üstlendiði filmin baþrolünde Keanu Reevus yer alýyor.','74');
Insert into SYSTEM.FILMLER (FILM_ID,FILM_ADI,YONETMENLER,OYUNCULAR,TUR,YAYIN_TARIHI,SURE,KONU,PUANI) values ('22','Transformers','Michael Bay','Shia LaBeouf, Megan Fox, Josh Duhamel','Bilim Kurgu - Aksiyon',to_date('06/07/2007','DD/MM/RRRR'),'144','Çok uzun zaman önce, çok uzaklardaki Cybertron gezegeninde bir savaþ baþlamak üzeredir. Burasý baþka yapýlara bürünebilen robotlarýn dünyasýdýr. Her yerde olduðu üzere bu gezegende de robotlar da iyiler ve kötüler olarak ayrýlmaktadýrlar. Kendilerince baþka amaçlar uðrunda mücadele eden bu transformerlar, gezegenin yakýtý biterken uzay ortamýndaki diðer yakýt kaynaklarýnýn arayýþýna girerler. Hal böyleyken bu arayýþ onlarý Dünya’ya kadar yönlendirecektir. Ýstedikleri anda arabaya, gemiye ya da uçaða dönüþebilen bu robotlar, bu kez Dünya’yý ele geçirmek için savaþ açacaklardýr. Elbete bu savaþý baþlatanlarýn tam karþýsýnda iyi huylu robotlar baþ rolde olacaklardýr. Pearl Harbor, Ada gibi kült ve bütçesi büyük filmlerin üstesinden gelmiþ olan Micheal Bay, bir baþka unutulmazý izleyicisi ile buluþturmak üzere kollarý sývamýþ bir yönetmen konumunda.','70');
Insert into SYSTEM.FILMLER (FILM_ID,FILM_ADI,YONETMENLER,OYUNCULAR,TUR,YAYIN_TARIHI,SURE,KONU,PUANI) values ('23','Leon The Professional',' Luc Besson','Jean Reno, Gary Oldman, Natalie Portman','Polisiye - Suç - Drama',to_date('28/04/1995','DD/MM/RRRR'),'110','Sevginin Gücü, masum bir kýz ve bir katilin hikayesini anlatýyor. Onlarýn birbirlerinden baþka kaybedecek hiçbir þeyleri yok. Erkek duygusuzca öldürüyor. Zayýf noktasýný sadece 12 yaþýndaki bir kýz biliyor.12 yaþýnda New York’ta yaþayan Mathilda, üvey ailesinin yanýnda sevimsiz bir yaþamý paylaþmaktadýr. Babasý, iki taraflý oynayan bozulmuþ polis için uyuþturucu saklamaktadýr. Mathilda’yý kaçýp gitmekten tek alýkoyan küçük erkek kardeþidir. Bir gün, tüm ailesinin katledeildiði zaman alýþveriþte olan Mathilda þans eseri hayatta kalýr ve en çok ihtiyacý olduðu sýrada Léon’un dairesine saklanarak kendini kurtarýr.','85');
Insert into SYSTEM.FILMLER (FILM_ID,FILM_ADI,YONETMENLER,OYUNCULAR,TUR,YAYIN_TARIHI,SURE,KONU,PUANI) values ('41','Altýncý His','M. Night Shyamalan','Bruce Willis, Haley Joel Osment, Toni Collette','Gerilim - Drama',to_date('04/02/2000','DD/MM/RRRR'),'107','Altýncý his film konusu buradaki metinde yer alacaktýr','89');
REM INSERTING into SYSTEM.KAMPANYALAR
SET DEFINE OFF;
Insert into SYSTEM.KAMPANYALAR (KAMPANYA_ID,KAMPANYA_BASLIGI,KAMPANYA_METNI) values ('1','Hosgeldin_Fýrsatý','Gümele Sinemalarýnda alacak olduðunuz ilk iki biletten birisi bedava, Fýrsatý kaçýrma! Kampanya tek sefer ile sýnýrlýdýr. ');
Insert into SYSTEM.KAMPANYALAR (KAMPANYA_ID,KAMPANYA_BASLIGI,KAMPANYA_METNI) values ('2','Beklenen Çarþamba','Gümele Sinemalarýnda Her Hafta Çarþamba Günü Tüm Biletlerde %40 Ýndirim Fiýrsatýný Kaçýrma! Seans Tarihi Çarþamba, Seans Saati 11.00 - 17.00  Olan her bilete %40 indirim Uygulananýr.');
Insert into SYSTEM.KAMPANYALAR (KAMPANYA_ID,KAMPANYA_BASLIGI,KAMPANYA_METNI) values ('3','Doyuran Bilet','Hem Eðlenmek Hem de Doymak Ýsteyenler Aradýðýný Gümele Sineamalarýnda Buluyor! Her Sinema Biletine, Anlaþmalý Gýda Zincirlerindeki 30 TL ve Üzeri her menülerde %25 Ýndirim Fýrsatý');
REM INSERTING into SYSTEM.MUSTERILER
SET DEFINE OFF;
Insert into SYSTEM.MUSTERILER (MUSTERI_ID,AD,SOYAD,EPOSTA,TELEFON,DOGUM_TARIHI,CINSIYET,SIFRE) values ('1','Hikmet Kerim','Küçük','hikmet@gmail.com','5541593977',to_date('19/12/1998','DD/MM/RRRR'),'Erkek','1233');
Insert into SYSTEM.MUSTERILER (MUSTERI_ID,AD,SOYAD,EPOSTA,TELEFON,DOGUM_TARIHI,CINSIYET,SIFRE) values ('21','Sevim','Güral','sevim@gmail.com','5236321236',to_date('27/12/1988','DD/MM/RRRR'),'Kadýn','333');
Insert into SYSTEM.MUSTERILER (MUSTERI_ID,AD,SOYAD,EPOSTA,TELEFON,DOGUM_TARIHI,CINSIYET,SIFRE) values ('41','Ahmet','Kara','ahmet@gmail.com','5563698741',to_date('16/01/1989','DD/MM/RRRR'),'Erkek','0000');
REM INSERTING into SYSTEM.SALONLAR
SET DEFINE OFF;
Insert into SYSTEM.SALONLAR (SALON_ID,SALON_ADI,KOLTUK_SAYISI) values ('1','SALON 1','107');
Insert into SYSTEM.SALONLAR (SALON_ID,SALON_ADI,KOLTUK_SAYISI) values ('2','SALON 2','107');
Insert into SYSTEM.SALONLAR (SALON_ID,SALON_ADI,KOLTUK_SAYISI) values ('3','SALON 3','107');
Insert into SYSTEM.SALONLAR (SALON_ID,SALON_ADI,KOLTUK_SAYISI) values ('5','SALON 4','107');
Insert into SYSTEM.SALONLAR (SALON_ID,SALON_ADI,KOLTUK_SAYISI) values ('6','SALON 5','107');
Insert into SYSTEM.SALONLAR (SALON_ID,SALON_ADI,KOLTUK_SAYISI) values ('7','SALON 6','107');
Insert into SYSTEM.SALONLAR (SALON_ID,SALON_ADI,KOLTUK_SAYISI) values ('8','SALON 7','107');
REM INSERTING into SYSTEM.SEANSLAR
SET DEFINE OFF;
Insert into SYSTEM.SEANSLAR (SEANS_ID,FILM_ID,SALON_ID,SEANS_TARIHI,SEANS_SAATI,BILET_UCRETI) values ('42','23','5',to_date('05/02/2021','DD/MM/RRRR'),'16:30','17');
Insert into SYSTEM.SEANSLAR (SEANS_ID,FILM_ID,SALON_ID,SEANS_TARIHI,SEANS_SAATI,BILET_UCRETI) values ('3','3','3',to_date('08/01/2021','DD/MM/RRRR'),'12:30','15');
Insert into SYSTEM.SEANSLAR (SEANS_ID,FILM_ID,SALON_ID,SEANS_TARIHI,SEANS_SAATI,BILET_UCRETI) values ('41','21','5',to_date('29/01/2021','DD/MM/RRRR'),'14:00','12');
Insert into SYSTEM.SEANSLAR (SEANS_ID,FILM_ID,SALON_ID,SEANS_TARIHI,SEANS_SAATI,BILET_UCRETI) values ('43','22','8',to_date('12/02/2021','DD/MM/RRRR'),'19:00','14');
Insert into SYSTEM.SEANSLAR (SEANS_ID,FILM_ID,SALON_ID,SEANS_TARIHI,SEANS_SAATI,BILET_UCRETI) values ('63','41','8',to_date('29/01/2021','DD/MM/RRRR'),'15:30','10');
REM INSERTING into SYSTEM.TOPLAMKAZANC
SET DEFINE OFF;
Insert into SYSTEM.TOPLAMKAZANC (ID,KAZANC) values ('1','50');
REM INSERTING into SYSTEM.YONETICILER
SET DEFINE OFF;
Insert into SYSTEM.YONETICILER (ADMIN_ID,AD,SOYAD,EPOSTA,TELEFON,DOGUM_TARIHI,CINSIYET,SIFRE,POZISYON) values ('1','Oðuz Kaan','Türkel','oguz@gmail.com','5075488577',to_date('05/09/1981','DD/MM/RRRR'),'Erkek','000','AnaYonetici');
Insert into SYSTEM.YONETICILER (ADMIN_ID,AD,SOYAD,EPOSTA,TELEFON,DOGUM_TARIHI,CINSIYET,SIFRE,POZISYON) values ('41','Mahmut','Sayar','mahmut@gmail.com','5541236987',to_date('17/01/2021','DD/MM/RRRR'),'Erkek','888','Yonetici');
REM INSERTING into SYSTEM.BILETLER_VIEW
SET DEFINE OFF;
Insert into SYSTEM.BILETLER_VIEW (BILET_ID,AD,SOYAD,FILM_ADI,SALON_ADI,SEANS_TARIHI,SEANS_SAATI,BILET_UCRETI,KOLTUKNO,ALIM_TARIHI) values ('5','Hikmet Kerim','Küçük','G.O.R.A.','SALON 3',to_date('08/01/2021','DD/MM/RRRR'),'12:30','15','44',to_date('30/12/2020','DD/MM/RRRR'));
Insert into SYSTEM.BILETLER_VIEW (BILET_ID,AD,SOYAD,FILM_ADI,SALON_ADI,SEANS_TARIHI,SEANS_SAATI,BILET_UCRETI,KOLTUKNO,ALIM_TARIHI) values ('61','Hikmet Kerim','Küçük','G.O.R.A.','SALON 3',to_date('08/01/2021','DD/MM/RRRR'),'12:30','15','84',to_date('31/12/2020','DD/MM/RRRR'));
Insert into SYSTEM.BILETLER_VIEW (BILET_ID,AD,SOYAD,FILM_ADI,SALON_ADI,SEANS_TARIHI,SEANS_SAATI,BILET_UCRETI,KOLTUKNO,ALIM_TARIHI) values ('101','Ahmet','Kara','Altýncý His','SALON 7',to_date('29/01/2021','DD/MM/RRRR'),'15:30','10','98',to_date('17/01/2021','DD/MM/RRRR'));
Insert into SYSTEM.BILETLER_VIEW (BILET_ID,AD,SOYAD,FILM_ADI,SALON_ADI,SEANS_TARIHI,SEANS_SAATI,BILET_UCRETI,KOLTUKNO,ALIM_TARIHI) values ('102','Ahmet','Kara','Altýncý His','SALON 7',to_date('29/01/2021','DD/MM/RRRR'),'15:30','10','85',to_date('17/01/2021','DD/MM/RRRR'));
--------------------------------------------------------
--  DDL for Index BILETLER_PK
--------------------------------------------------------

  CREATE UNIQUE INDEX "SYSTEM"."BILETLER_PK" ON "SYSTEM"."BILETLER" ("BILET_ID") 
  PCTFREE 10 INITRANS 2 MAXTRANS 255 COMPUTE STATISTICS 
  STORAGE(INITIAL 65536 NEXT 1048576 MINEXTENTS 1 MAXEXTENTS 2147483645
  PCTINCREASE 0 FREELISTS 1 FREELIST GROUPS 1
  BUFFER_POOL DEFAULT FLASH_CACHE DEFAULT CELL_FLASH_CACHE DEFAULT)
  TABLESPACE "SYSTEM" ;
--------------------------------------------------------
--  DDL for Index FILMLER_PK
--------------------------------------------------------

  CREATE UNIQUE INDEX "SYSTEM"."FILMLER_PK" ON "SYSTEM"."FILMLER" ("FILM_ID") 
  PCTFREE 10 INITRANS 2 MAXTRANS 255 COMPUTE STATISTICS 
  STORAGE(INITIAL 65536 NEXT 1048576 MINEXTENTS 1 MAXEXTENTS 2147483645
  PCTINCREASE 0 FREELISTS 1 FREELIST GROUPS 1
  BUFFER_POOL DEFAULT FLASH_CACHE DEFAULT CELL_FLASH_CACHE DEFAULT)
  TABLESPACE "SYSTEM" ;
--------------------------------------------------------
--  DDL for Index SYS_C0011007
--------------------------------------------------------

  CREATE UNIQUE INDEX "SYSTEM"."SYS_C0011007" ON "SYSTEM"."FILMLER" ("FILM_ADI") 
  PCTFREE 10 INITRANS 2 MAXTRANS 255 COMPUTE STATISTICS 
  STORAGE(INITIAL 65536 NEXT 1048576 MINEXTENTS 1 MAXEXTENTS 2147483645
  PCTINCREASE 0 FREELISTS 1 FREELIST GROUPS 1
  BUFFER_POOL DEFAULT FLASH_CACHE DEFAULT CELL_FLASH_CACHE DEFAULT)
  TABLESPACE "SYSTEM" ;
--------------------------------------------------------
--  DDL for Index SYS_C0011037
--------------------------------------------------------

  CREATE UNIQUE INDEX "SYSTEM"."SYS_C0011037" ON "SYSTEM"."KAMPANYALAR" ("KAMPANYA_METNI") 
  PCTFREE 10 INITRANS 2 MAXTRANS 255 COMPUTE STATISTICS 
  STORAGE(INITIAL 65536 NEXT 1048576 MINEXTENTS 1 MAXEXTENTS 2147483645
  PCTINCREASE 0 FREELISTS 1 FREELIST GROUPS 1
  BUFFER_POOL DEFAULT FLASH_CACHE DEFAULT CELL_FLASH_CACHE DEFAULT)
  TABLESPACE "SYSTEM" ;
--------------------------------------------------------
--  DDL for Index MUSTERILER_PK
--------------------------------------------------------

  CREATE UNIQUE INDEX "SYSTEM"."MUSTERILER_PK" ON "SYSTEM"."MUSTERILER" ("MUSTERI_ID") 
  PCTFREE 10 INITRANS 2 MAXTRANS 255 COMPUTE STATISTICS 
  STORAGE(INITIAL 65536 NEXT 1048576 MINEXTENTS 1 MAXEXTENTS 2147483645
  PCTINCREASE 0 FREELISTS 1 FREELIST GROUPS 1
  BUFFER_POOL DEFAULT FLASH_CACHE DEFAULT CELL_FLASH_CACHE DEFAULT)
  TABLESPACE "SYSTEM" ;
--------------------------------------------------------
--  DDL for Index SYS_C0011032
--------------------------------------------------------

  CREATE UNIQUE INDEX "SYSTEM"."SYS_C0011032" ON "SYSTEM"."MUSTERILER" ("EPOSTA") 
  PCTFREE 10 INITRANS 2 MAXTRANS 255 COMPUTE STATISTICS 
  STORAGE(INITIAL 65536 NEXT 1048576 MINEXTENTS 1 MAXEXTENTS 2147483645
  PCTINCREASE 0 FREELISTS 1 FREELIST GROUPS 1
  BUFFER_POOL DEFAULT FLASH_CACHE DEFAULT CELL_FLASH_CACHE DEFAULT)
  TABLESPACE "SYSTEM" ;
--------------------------------------------------------
--  DDL for Index SYS_C0011033
--------------------------------------------------------

  CREATE UNIQUE INDEX "SYSTEM"."SYS_C0011033" ON "SYSTEM"."MUSTERILER" ("TELEFON") 
  PCTFREE 10 INITRANS 2 MAXTRANS 255 COMPUTE STATISTICS 
  STORAGE(INITIAL 65536 NEXT 1048576 MINEXTENTS 1 MAXEXTENTS 2147483645
  PCTINCREASE 0 FREELISTS 1 FREELIST GROUPS 1
  BUFFER_POOL DEFAULT FLASH_CACHE DEFAULT CELL_FLASH_CACHE DEFAULT)
  TABLESPACE "SYSTEM" ;
--------------------------------------------------------
--  DDL for Index SALONLAR_PK
--------------------------------------------------------

  CREATE UNIQUE INDEX "SYSTEM"."SALONLAR_PK" ON "SYSTEM"."SALONLAR" ("SALON_ID") 
  PCTFREE 10 INITRANS 2 MAXTRANS 255 COMPUTE STATISTICS 
  STORAGE(INITIAL 65536 NEXT 1048576 MINEXTENTS 1 MAXEXTENTS 2147483645
  PCTINCREASE 0 FREELISTS 1 FREELIST GROUPS 1
  BUFFER_POOL DEFAULT FLASH_CACHE DEFAULT CELL_FLASH_CACHE DEFAULT)
  TABLESPACE "SYSTEM" ;
--------------------------------------------------------
--  DDL for Index SYS_C0011010
--------------------------------------------------------

  CREATE UNIQUE INDEX "SYSTEM"."SYS_C0011010" ON "SYSTEM"."SALONLAR" ("SALON_ADI") 
  PCTFREE 10 INITRANS 2 MAXTRANS 255 COMPUTE STATISTICS 
  STORAGE(INITIAL 65536 NEXT 1048576 MINEXTENTS 1 MAXEXTENTS 2147483645
  PCTINCREASE 0 FREELISTS 1 FREELIST GROUPS 1
  BUFFER_POOL DEFAULT FLASH_CACHE DEFAULT CELL_FLASH_CACHE DEFAULT)
  TABLESPACE "SYSTEM" ;
--------------------------------------------------------
--  DDL for Index SEANSLAR_PK
--------------------------------------------------------

  CREATE UNIQUE INDEX "SYSTEM"."SEANSLAR_PK" ON "SYSTEM"."SEANSLAR" ("SEANS_ID") 
  PCTFREE 10 INITRANS 2 MAXTRANS 255 COMPUTE STATISTICS 
  STORAGE(INITIAL 65536 NEXT 1048576 MINEXTENTS 1 MAXEXTENTS 2147483645
  PCTINCREASE 0 FREELISTS 1 FREELIST GROUPS 1
  BUFFER_POOL DEFAULT FLASH_CACHE DEFAULT CELL_FLASH_CACHE DEFAULT)
  TABLESPACE "SYSTEM" ;
--------------------------------------------------------
--  DDL for Index YONETICILER_PK
--------------------------------------------------------

  CREATE UNIQUE INDEX "SYSTEM"."YONETICILER_PK" ON "SYSTEM"."YONETICILER" ("ADMIN_ID") 
  PCTFREE 10 INITRANS 2 MAXTRANS 255 COMPUTE STATISTICS 
  STORAGE(INITIAL 65536 NEXT 1048576 MINEXTENTS 1 MAXEXTENTS 2147483645
  PCTINCREASE 0 FREELISTS 1 FREELIST GROUPS 1
  BUFFER_POOL DEFAULT FLASH_CACHE DEFAULT CELL_FLASH_CACHE DEFAULT)
  TABLESPACE "SYSTEM" ;
--------------------------------------------------------
--  DDL for Index SYS_C0011021
--------------------------------------------------------

  CREATE UNIQUE INDEX "SYSTEM"."SYS_C0011021" ON "SYSTEM"."YONETICILER" ("EPOSTA") 
  PCTFREE 10 INITRANS 2 MAXTRANS 255 COMPUTE STATISTICS 
  STORAGE(INITIAL 65536 NEXT 1048576 MINEXTENTS 1 MAXEXTENTS 2147483645
  PCTINCREASE 0 FREELISTS 1 FREELIST GROUPS 1
  BUFFER_POOL DEFAULT FLASH_CACHE DEFAULT CELL_FLASH_CACHE DEFAULT)
  TABLESPACE "SYSTEM" ;
--------------------------------------------------------
--  DDL for Index SYS_C0011022
--------------------------------------------------------

  CREATE UNIQUE INDEX "SYSTEM"."SYS_C0011022" ON "SYSTEM"."YONETICILER" ("TELEFON") 
  PCTFREE 10 INITRANS 2 MAXTRANS 255 COMPUTE STATISTICS 
  STORAGE(INITIAL 65536 NEXT 1048576 MINEXTENTS 1 MAXEXTENTS 2147483645
  PCTINCREASE 0 FREELISTS 1 FREELIST GROUPS 1
  BUFFER_POOL DEFAULT FLASH_CACHE DEFAULT CELL_FLASH_CACHE DEFAULT)
  TABLESPACE "SYSTEM" ;
--------------------------------------------------------
--  DDL for Trigger BILETLERTRG
--------------------------------------------------------

  CREATE OR REPLACE NONEDITIONABLE TRIGGER "SYSTEM"."BILETLERTRG" 
AFTER  INSERT OR DELETE OR UPDATE ON biletler 


BEGIN 
UPDATE toplamkazanc SET kazanc=(SELECT SUM(bilet_ucreti) FROM biletler_view) WHERE ID=1;
END;
/
ALTER TRIGGER "SYSTEM"."BILETLERTRG" ENABLE;
--------------------------------------------------------
--  DDL for Trigger BILETLERTRG
--------------------------------------------------------

  CREATE OR REPLACE NONEDITIONABLE TRIGGER "SYSTEM"."BILETLERTRG" 
AFTER  INSERT OR DELETE OR UPDATE ON biletler 


BEGIN 
UPDATE toplamkazanc SET kazanc=(SELECT SUM(bilet_ucreti) FROM biletler_view) WHERE ID=1;
END;
/
ALTER TRIGGER "SYSTEM"."BILETLERTRG" ENABLE;
--------------------------------------------------------
--  DDL for Procedure SIGNINCONTROL
--------------------------------------------------------
set define off;

  CREATE OR REPLACE NONEDITIONABLE PROCEDURE "SYSTEM"."SIGNINCONTROL" (
entrance_eposta IN musteriler.eposta%TYPE,
entrance_pass IN musteriler.sifre%TYPE,

ido OUT musteriler.musteri_id%TYPE,
ado OUT musteriler.ad%TYPE,
soyado OUT musteriler.soyad%TYPE,
confirmation OUT VARCHAR2)AS

yedek_eposta VARCHAR2(100);
yedek_sifre VARCHAR2(30);

BEGIN 
SELECT musteri_id,ad,soyad,eposta,sifre INTO ido,ado,soyado,yedek_eposta,yedek_sifre FROM musteriler WHERE eposta=entrance_eposta and sifre=entrance_pass;
IF(entrance_eposta=yedek_eposta AND entrance_pass=yedek_sifre)THEN
confirmation:='evet'; 
END IF;

EXCEPTION
WHEN OTHERS THEN
confirmation:='hayir'; 
END;

/
--------------------------------------------------------
--  DDL for Procedure SIGNINCONTROLADMIN
--------------------------------------------------------
set define off;

  CREATE OR REPLACE NONEDITIONABLE PROCEDURE "SYSTEM"."SIGNINCONTROLADMIN" (
entrance_eposta IN yoneticiler.eposta%TYPE,
entrance_pass IN yoneticiler.sifre%TYPE,

ido OUT yoneticiler.admin_id%TYPE,
ado OUT yoneticiler.ad%TYPE,
soyado OUT yoneticiler.soyad%TYPE,
pozisyono OUT yoneticiler.pozisyon%TYPE,
confirmation OUT VARCHAR2)AS

yedek_eposta VARCHAR2(100);
yedek_sifre VARCHAR2(40);

BEGIN 
SELECT admin_id,ad,soyad,eposta,sifre,pozisyon INTO ido,ado,soyado,yedek_eposta,yedek_sifre,pozisyono FROM yoneticiler WHERE eposta=entrance_eposta and sifre=entrance_pass;
IF(entrance_eposta=yedek_eposta AND entrance_pass=yedek_sifre)THEN
confirmation:='evet'; 
END IF;

EXCEPTION
WHEN OTHERS THEN
confirmation:='hayir'; 
END;

/
--------------------------------------------------------
--  Constraints for Table BILETLER
--------------------------------------------------------

  ALTER TABLE "SYSTEM"."BILETLER" MODIFY ("BILET_ID" NOT NULL ENABLE);
  ALTER TABLE "SYSTEM"."BILETLER" MODIFY ("MUSTERI_ID" NOT NULL ENABLE);
  ALTER TABLE "SYSTEM"."BILETLER" MODIFY ("SEANS_ID" NOT NULL ENABLE);
  ALTER TABLE "SYSTEM"."BILETLER" MODIFY ("KOLTUKNO" NOT NULL ENABLE);
  ALTER TABLE "SYSTEM"."BILETLER" MODIFY ("ALIM_TARIHI" NOT NULL ENABLE);
  ALTER TABLE "SYSTEM"."BILETLER" ADD CONSTRAINT "BILETLER_PK" PRIMARY KEY ("BILET_ID")
  USING INDEX PCTFREE 10 INITRANS 2 MAXTRANS 255 COMPUTE STATISTICS 
  STORAGE(INITIAL 65536 NEXT 1048576 MINEXTENTS 1 MAXEXTENTS 2147483645
  PCTINCREASE 0 FREELISTS 1 FREELIST GROUPS 1
  BUFFER_POOL DEFAULT FLASH_CACHE DEFAULT CELL_FLASH_CACHE DEFAULT)
  TABLESPACE "SYSTEM"  ENABLE;
--------------------------------------------------------
--  Constraints for Table FILMLER
--------------------------------------------------------

  ALTER TABLE "SYSTEM"."FILMLER" MODIFY ("FILM_ID" NOT NULL ENABLE);
  ALTER TABLE "SYSTEM"."FILMLER" MODIFY ("FILM_ADI" NOT NULL ENABLE);
  ALTER TABLE "SYSTEM"."FILMLER" MODIFY ("YONETMENLER" NOT NULL ENABLE);
  ALTER TABLE "SYSTEM"."FILMLER" MODIFY ("OYUNCULAR" NOT NULL ENABLE);
  ALTER TABLE "SYSTEM"."FILMLER" MODIFY ("TUR" NOT NULL ENABLE);
  ALTER TABLE "SYSTEM"."FILMLER" MODIFY ("YAYIN_TARIHI" NOT NULL ENABLE);
  ALTER TABLE "SYSTEM"."FILMLER" MODIFY ("SURE" NOT NULL ENABLE);
  ALTER TABLE "SYSTEM"."FILMLER" MODIFY ("KONU" NOT NULL ENABLE);
  ALTER TABLE "SYSTEM"."FILMLER" MODIFY ("PUANI" NOT NULL ENABLE);
  ALTER TABLE "SYSTEM"."FILMLER" MODIFY ("AFIS_GORSELI" NOT NULL ENABLE);
  ALTER TABLE "SYSTEM"."FILMLER" ADD CONSTRAINT "FILMLER_PK" PRIMARY KEY ("FILM_ID")
  USING INDEX PCTFREE 10 INITRANS 2 MAXTRANS 255 COMPUTE STATISTICS 
  STORAGE(INITIAL 65536 NEXT 1048576 MINEXTENTS 1 MAXEXTENTS 2147483645
  PCTINCREASE 0 FREELISTS 1 FREELIST GROUPS 1
  BUFFER_POOL DEFAULT FLASH_CACHE DEFAULT CELL_FLASH_CACHE DEFAULT)
  TABLESPACE "SYSTEM"  ENABLE;
  ALTER TABLE "SYSTEM"."FILMLER" ADD UNIQUE ("FILM_ADI")
  USING INDEX PCTFREE 10 INITRANS 2 MAXTRANS 255 COMPUTE STATISTICS 
  STORAGE(INITIAL 65536 NEXT 1048576 MINEXTENTS 1 MAXEXTENTS 2147483645
  PCTINCREASE 0 FREELISTS 1 FREELIST GROUPS 1
  BUFFER_POOL DEFAULT FLASH_CACHE DEFAULT CELL_FLASH_CACHE DEFAULT)
  TABLESPACE "SYSTEM"  ENABLE;
--------------------------------------------------------
--  Constraints for Table KAMPANYALAR
--------------------------------------------------------

  ALTER TABLE "SYSTEM"."KAMPANYALAR" MODIFY ("KAMPANYA_ID" NOT NULL ENABLE);
  ALTER TABLE "SYSTEM"."KAMPANYALAR" MODIFY ("KAMPANYA_BASLIGI" NOT NULL ENABLE);
  ALTER TABLE "SYSTEM"."KAMPANYALAR" MODIFY ("KAMPANYA_METNI" NOT NULL ENABLE);
  ALTER TABLE "SYSTEM"."KAMPANYALAR" ADD UNIQUE ("KAMPANYA_METNI")
  USING INDEX PCTFREE 10 INITRANS 2 MAXTRANS 255 COMPUTE STATISTICS 
  STORAGE(INITIAL 65536 NEXT 1048576 MINEXTENTS 1 MAXEXTENTS 2147483645
  PCTINCREASE 0 FREELISTS 1 FREELIST GROUPS 1
  BUFFER_POOL DEFAULT FLASH_CACHE DEFAULT CELL_FLASH_CACHE DEFAULT)
  TABLESPACE "SYSTEM"  ENABLE;
--------------------------------------------------------
--  Constraints for Table MUSTERILER
--------------------------------------------------------

  ALTER TABLE "SYSTEM"."MUSTERILER" MODIFY ("MUSTERI_ID" NOT NULL ENABLE);
  ALTER TABLE "SYSTEM"."MUSTERILER" MODIFY ("AD" NOT NULL ENABLE);
  ALTER TABLE "SYSTEM"."MUSTERILER" MODIFY ("SOYAD" NOT NULL ENABLE);
  ALTER TABLE "SYSTEM"."MUSTERILER" MODIFY ("EPOSTA" NOT NULL ENABLE);
  ALTER TABLE "SYSTEM"."MUSTERILER" MODIFY ("TELEFON" NOT NULL ENABLE);
  ALTER TABLE "SYSTEM"."MUSTERILER" MODIFY ("DOGUM_TARIHI" NOT NULL ENABLE);
  ALTER TABLE "SYSTEM"."MUSTERILER" MODIFY ("CINSIYET" NOT NULL ENABLE);
  ALTER TABLE "SYSTEM"."MUSTERILER" MODIFY ("SIFRE" NOT NULL ENABLE);
  ALTER TABLE "SYSTEM"."MUSTERILER" ADD CONSTRAINT "MUSTERILER_PK" PRIMARY KEY ("MUSTERI_ID")
  USING INDEX PCTFREE 10 INITRANS 2 MAXTRANS 255 COMPUTE STATISTICS 
  STORAGE(INITIAL 65536 NEXT 1048576 MINEXTENTS 1 MAXEXTENTS 2147483645
  PCTINCREASE 0 FREELISTS 1 FREELIST GROUPS 1
  BUFFER_POOL DEFAULT FLASH_CACHE DEFAULT CELL_FLASH_CACHE DEFAULT)
  TABLESPACE "SYSTEM"  ENABLE;
  ALTER TABLE "SYSTEM"."MUSTERILER" ADD UNIQUE ("EPOSTA")
  USING INDEX PCTFREE 10 INITRANS 2 MAXTRANS 255 COMPUTE STATISTICS 
  STORAGE(INITIAL 65536 NEXT 1048576 MINEXTENTS 1 MAXEXTENTS 2147483645
  PCTINCREASE 0 FREELISTS 1 FREELIST GROUPS 1
  BUFFER_POOL DEFAULT FLASH_CACHE DEFAULT CELL_FLASH_CACHE DEFAULT)
  TABLESPACE "SYSTEM"  ENABLE;
  ALTER TABLE "SYSTEM"."MUSTERILER" ADD UNIQUE ("TELEFON")
  USING INDEX PCTFREE 10 INITRANS 2 MAXTRANS 255 COMPUTE STATISTICS 
  STORAGE(INITIAL 65536 NEXT 1048576 MINEXTENTS 1 MAXEXTENTS 2147483645
  PCTINCREASE 0 FREELISTS 1 FREELIST GROUPS 1
  BUFFER_POOL DEFAULT FLASH_CACHE DEFAULT CELL_FLASH_CACHE DEFAULT)
  TABLESPACE "SYSTEM"  ENABLE;
--------------------------------------------------------
--  Constraints for Table SALONLAR
--------------------------------------------------------

  ALTER TABLE "SYSTEM"."SALONLAR" MODIFY ("SALON_ID" NOT NULL ENABLE);
  ALTER TABLE "SYSTEM"."SALONLAR" ADD CONSTRAINT "SALONLAR_PK" PRIMARY KEY ("SALON_ID")
  USING INDEX PCTFREE 10 INITRANS 2 MAXTRANS 255 COMPUTE STATISTICS 
  STORAGE(INITIAL 65536 NEXT 1048576 MINEXTENTS 1 MAXEXTENTS 2147483645
  PCTINCREASE 0 FREELISTS 1 FREELIST GROUPS 1
  BUFFER_POOL DEFAULT FLASH_CACHE DEFAULT CELL_FLASH_CACHE DEFAULT)
  TABLESPACE "SYSTEM"  ENABLE;
  ALTER TABLE "SYSTEM"."SALONLAR" ADD UNIQUE ("SALON_ADI")
  USING INDEX PCTFREE 10 INITRANS 2 MAXTRANS 255 COMPUTE STATISTICS 
  STORAGE(INITIAL 65536 NEXT 1048576 MINEXTENTS 1 MAXEXTENTS 2147483645
  PCTINCREASE 0 FREELISTS 1 FREELIST GROUPS 1
  BUFFER_POOL DEFAULT FLASH_CACHE DEFAULT CELL_FLASH_CACHE DEFAULT)
  TABLESPACE "SYSTEM"  ENABLE;
--------------------------------------------------------
--  Constraints for Table SEANSLAR
--------------------------------------------------------

  ALTER TABLE "SYSTEM"."SEANSLAR" MODIFY ("SEANS_ID" NOT NULL ENABLE);
  ALTER TABLE "SYSTEM"."SEANSLAR" MODIFY ("FILM_ID" NOT NULL ENABLE);
  ALTER TABLE "SYSTEM"."SEANSLAR" MODIFY ("SALON_ID" NOT NULL ENABLE);
  ALTER TABLE "SYSTEM"."SEANSLAR" MODIFY ("SEANS_TARIHI" NOT NULL ENABLE);
  ALTER TABLE "SYSTEM"."SEANSLAR" MODIFY ("SEANS_SAATI" NOT NULL ENABLE);
  ALTER TABLE "SYSTEM"."SEANSLAR" MODIFY ("BILET_UCRETI" NOT NULL ENABLE);
  ALTER TABLE "SYSTEM"."SEANSLAR" ADD CONSTRAINT "SEANSLAR_PK" PRIMARY KEY ("SEANS_ID")
  USING INDEX PCTFREE 10 INITRANS 2 MAXTRANS 255 COMPUTE STATISTICS 
  STORAGE(INITIAL 65536 NEXT 1048576 MINEXTENTS 1 MAXEXTENTS 2147483645
  PCTINCREASE 0 FREELISTS 1 FREELIST GROUPS 1
  BUFFER_POOL DEFAULT FLASH_CACHE DEFAULT CELL_FLASH_CACHE DEFAULT)
  TABLESPACE "SYSTEM"  ENABLE;
--------------------------------------------------------
--  Constraints for Table YONETICILER
--------------------------------------------------------

  ALTER TABLE "SYSTEM"."YONETICILER" MODIFY ("ADMIN_ID" NOT NULL ENABLE);
  ALTER TABLE "SYSTEM"."YONETICILER" MODIFY ("AD" NOT NULL ENABLE);
  ALTER TABLE "SYSTEM"."YONETICILER" MODIFY ("SOYAD" NOT NULL ENABLE);
  ALTER TABLE "SYSTEM"."YONETICILER" MODIFY ("EPOSTA" NOT NULL ENABLE);
  ALTER TABLE "SYSTEM"."YONETICILER" MODIFY ("TELEFON" NOT NULL ENABLE);
  ALTER TABLE "SYSTEM"."YONETICILER" MODIFY ("DOGUM_TARIHI" NOT NULL ENABLE);
  ALTER TABLE "SYSTEM"."YONETICILER" MODIFY ("CINSIYET" NOT NULL ENABLE);
  ALTER TABLE "SYSTEM"."YONETICILER" MODIFY ("SIFRE" NOT NULL ENABLE);
  ALTER TABLE "SYSTEM"."YONETICILER" MODIFY ("POZISYON" NOT NULL ENABLE);
  ALTER TABLE "SYSTEM"."YONETICILER" ADD CONSTRAINT "YONETICILER_PK" PRIMARY KEY ("ADMIN_ID")
  USING INDEX PCTFREE 10 INITRANS 2 MAXTRANS 255 COMPUTE STATISTICS 
  STORAGE(INITIAL 65536 NEXT 1048576 MINEXTENTS 1 MAXEXTENTS 2147483645
  PCTINCREASE 0 FREELISTS 1 FREELIST GROUPS 1
  BUFFER_POOL DEFAULT FLASH_CACHE DEFAULT CELL_FLASH_CACHE DEFAULT)
  TABLESPACE "SYSTEM"  ENABLE;
  ALTER TABLE "SYSTEM"."YONETICILER" ADD UNIQUE ("EPOSTA")
  USING INDEX PCTFREE 10 INITRANS 2 MAXTRANS 255 COMPUTE STATISTICS 
  STORAGE(INITIAL 65536 NEXT 1048576 MINEXTENTS 1 MAXEXTENTS 2147483645
  PCTINCREASE 0 FREELISTS 1 FREELIST GROUPS 1
  BUFFER_POOL DEFAULT FLASH_CACHE DEFAULT CELL_FLASH_CACHE DEFAULT)
  TABLESPACE "SYSTEM"  ENABLE;
  ALTER TABLE "SYSTEM"."YONETICILER" ADD UNIQUE ("TELEFON")
  USING INDEX PCTFREE 10 INITRANS 2 MAXTRANS 255 COMPUTE STATISTICS 
  STORAGE(INITIAL 65536 NEXT 1048576 MINEXTENTS 1 MAXEXTENTS 2147483645
  PCTINCREASE 0 FREELISTS 1 FREELIST GROUPS 1
  BUFFER_POOL DEFAULT FLASH_CACHE DEFAULT CELL_FLASH_CACHE DEFAULT)
  TABLESPACE "SYSTEM"  ENABLE;
--------------------------------------------------------
--  Ref Constraints for Table BILETLER
--------------------------------------------------------

  ALTER TABLE "SYSTEM"."BILETLER" ADD CONSTRAINT "FK_BILETLER_SI" FOREIGN KEY ("SEANS_ID")
	  REFERENCES "SYSTEM"."SEANSLAR" ("SEANS_ID") ON DELETE CASCADE ENABLE;
  ALTER TABLE "SYSTEM"."BILETLER" ADD CONSTRAINT "FK_BILETLER_MI" FOREIGN KEY ("MUSTERI_ID")
	  REFERENCES "SYSTEM"."MUSTERILER" ("MUSTERI_ID") ON DELETE CASCADE ENABLE;
--------------------------------------------------------
--  Ref Constraints for Table SEANSLAR
--------------------------------------------------------

  ALTER TABLE "SYSTEM"."SEANSLAR" ADD CONSTRAINT "FK_SEANSLAR_FA" FOREIGN KEY ("FILM_ID")
	  REFERENCES "SYSTEM"."FILMLER" ("FILM_ID") ON DELETE CASCADE ENABLE;
  ALTER TABLE "SYSTEM"."SEANSLAR" ADD CONSTRAINT "FK_SEANSLAR_SA" FOREIGN KEY ("SALON_ID")
	  REFERENCES "SYSTEM"."SALONLAR" ("SALON_ID") ON DELETE CASCADE ENABLE;
